X-type	Gloeomargarita_lithophora	MDYFLVTAMMFPKPEFPWWEQTLEDLQKLAEQTKSQITEAITSVQDTATQAQHTLEQTVQQVVPPEVQEQVQTAVATNQVLVNQWVHRAQDTVASQIIVVEKIFIELDQSRVGVTQQVTVRLQAI
Z-type	Microcystis_aeruginosa_CACIAM_03	MANPDSSASAGEQFTHNPADFLAAAQRMANQMAKAAKTAGEAAAQQWQTASDSVLEAANPLLKATQDTGQALVETARSAVKPLAEQANQVGQTALQTATATAESVVSATGQIAGQ
Z-type	Microcystis_aeruginosa_PCC_9808	MANPDSSASAGEQFTHNPADFLAAAQRMANQMAKAAKTAGEAAAQQWQTASDSVLEAANPLLKATQDTGQALVETARSAVKPLAEQANQVGQTALQTATATAESVVSATGQIAGQ
Z-type	Microcystis_aeruginosa_NaRes975	MANPDSSASAGEQFTHNPADFLAAAQRMANQMAKAAKTAGEAAAQQWQTASDSVLEAANPLLKATQDTGQALVETARSAVKPLAEQANQVGQTALQTATATAESVVSATGQIAGQ
Z-type	Microcystis_aeruginosa_PCC_7806SL	MANPDSSASAGEQFTHNPADFLAAAQRMANQIAKAAKTAGEAAAQQWQTASDSVLEAANPLLKATQDTGQALVETARSAVKPLAEQANQVGQTALQTATATAESVVSATGQIAGQ
Z-type	Microcystis_aeruginosa_PCC_7941	MANPDSSASAGEQFTHNPADFLAAAQRMANQMAKAAKTAGEAAAQQWQTASDSVLEAANPLLKATQDTGQALVETARSAVKPLAEQANQVGQTALQTATATAESVVSATGQIAGQ
Z-type	Microcystis_aeruginosa_PCC_9432	MANPDSSASAGEQFTHNPADFLAAAQRMANQIAKAAKTAGEAAAQQWQTASDSVLEAANPLLKATQDTGQALVETARSAVKPLAEQANQVGQTALQTATATAESVVSATGQIA
Z-type	Microcystis_aeruginosa_PCC_9717	MANPDSSASAGEQVTQNPADFLAAAGEVANQIAKAAKTAGEAAAQQWQAASDSVLEAANPLLKVTQDAGQALLETAGSAVKPLAEQANQVGQTALQTATATAESVVSATGQIAGQ
Z-type	Microcystis_aeruginosa_PCC_9806	MANPDSSASAGEQVTQNPADFLAAAQRMANQIAKAAKTAGEAAAQQWQAASESVLEAANPLLKATQDAGQALLETAGSAVKPLAEQAHQVGQTALQTATATADSVVSATGQIAGQ
Z-type	Microcystis_aeruginosa_PCC_9807	MANPDSSASAGEQVTQNPASLLAAAGEVANQIAKAAKTAGEAAAQQWQAASDSVLEAANPLLKVTQDAGQALLETAGSAVKPLAEQANQVGQTALQTATATAESVVSATGQIAGQ
Z-type	Microcystis_aeruginosa_PCC_9808	MANPDSSASAGEQFTHNPADFLAAAQRMANQMAKAAKTAGEAAAQQWQTASDSVLEAANPLLKATQDTGQALVETARSAVKPLAEQANQVGQTALQTATATAESVVSATGQIAGQ
Z-type	Microcystis_aeruginosa_NaRes975	MANPDSSASAGEQFTHNPADFLAAAQRMANQMAKAAKTAGEAAAQQWQTASDSVLEAANPLLKATQDTGQALVETARSAVKPLAEQANQVGQTALQTATATAESVVSATGQIAGQ
Z-type	Microcystis_aeruginosa_SPC777	MANPDSSASAGEQFTHNPADFLAAAQRMANQMAKAAKTAGEAAAQQWQTASDSVLEAANPLLKATQDTGQALVETARSAVKPLAEQANQVGQTALQTATATAESVVSATGQIAGQ
Z-type	Microcystis_sp._T1-4	MANSDSSASTGEKFTHNPASFLAAAGQVANQIARAAKTAGEAAAQQWQAASDSVLEAANPLLKATQDTGQVLMETAVEAVKPLTEQASQVGQTALEKATATADSVVSATGQIA
Z-type	Microcystis_aeruginosa_PCC_9443	MANPDSSASAGEQFTHNPASLLAAAGEVANQIAKTAKTAGEAAAQQWQTASDSVLEAANPLLKAAQDAGQAFVETAGSAVKPLAEQANQVGQTALQTATATAESVVSATGQIA
CoBaHMA-type	Synechococcus_sp._Lanier	MLPKRIRLKLIHGSYKNVIEVASSLGGHWHGASRSLIVLNPPTLSQVSANLYNQGWWLQAPHPLLVANPKT
CoBaHMA-type	Synechococcus_sp._CB0101	MSSAQLQLMHATNQRLRLRYSELMPDAALEALIAALWGQPWVHALQQRRASRSLVLELEPGCTPVRWHLALADLGCGLVDRRRTEAPID
CoBaHMA-type	Synechococcus_sp._RS9917	MNPRSNTLQVVHELPGRLRLRWPADLTAEEQRGLQSMLLAEPWVAALRCSAASRSLVITLAAGCTAVRWQIALAAMGWQLSDGHHASPATTPEPSAPAT
CoBaHMA-type	Neosynechococcus_sphagnicola_sy1	MPDVLPQVGYEIVHSTLGRMRCRIRYLTLDESYAQQLEQQLRSQVWVSQMRINAAAASLIVEYSGSQLSPAEAEARLVAVMAQFSIVTKISPPGAPEPVAPPSIPEILPPAHSES
CoBaHMA-type	Scytonema_millei_VB511283	MSLAAELDATEEITVIKVRGAIAHAVAGRLRVRLLQPIEDIAYAQLEQQIMSLTCVESVRVNTTVGCLTITYEVSQFPGAAIPPVELLAAIAQVSSLQIDLDTNTSNSINFDRQP
CoBaHMA-type	Synechococcus_lividus_PCC_6715	MAAADTAPIAEVMHLTGDRLRLRIQELKREPAFRDSLVAYLHTLEGIRAVHCNPLAASLTLEYQLEQITPLQLLAAIQLWGDVQIVGQGNQGLQNLTRAFALEP
CoBaHMA-type	Thermosynechococcus_vulcanus_NIES-2134	MATAETAPIAELVHLTGDRLRLRIQELKTDVGFRDSLTAYLKTLRGIQSVHVNPLAASITIEYHREQITPLQLLAAIQFWGEVQIIGQGNRGLQNLTRAFDLEP
CoBaHMA-type	Cyanothece_sp_PCC_7425	MTSTSVNCSPGYESADAARSLIPAFLIHAITGRLRLRIERLRQDKAYGVCLQQQIQSLAGVVSIRVNPEAGSIVVDYQVVMGQEAQTQAELLKVLQEVCNLHVQFPKGSLPTTALVTEPLASPQPAATATEPFPGIDLAP
CoBaHMA-type	Candidatus_Synechococcus_calcipolaris	MPKPSDDEESLPPVAELVHLTRDRLRLRLPLLKKDPDYGRYLQDYLKPIPGITEVRLNLQAASLSIHYALDLITPLQILALIERWGDVQIIGQGHKGLENLTRAFELEP
CoBaHMA-type	Synechococcus_sp_PCC_6312	MSSTSPSSSQPPPGPDPVIQAELVHLTPDRLRLKIPHLRQDPGYGTYLQQHLQAQTGITEVRLNSTAQSLTLHWNPQVISLPQLLTQLQAIGDLEVIGQGNHGITNLTRAFALEP
CoBaHMA-type	Thermosynechococcus_elongatus	MATAETAPIAELVHVTGDRLRLRIQELKTDVGFRDSLTAYLKTLRGIQSVHVNPLAASITIEYHREQITPLQLLAAIQFWGEVQIIGQGNRGLQNLTRAFDLEP
CoBaHMA-type	Chroococcidiopsis_thermalis_PCC_7203	MSLAVELDAAEESTVVKVRSAIAHAVAGRLRLRLLQPIEDAAYAQLEQQIRSLAFVESIRVNPTVGCLTITYEVTQFASTPIPPLELLAAIAQVSNLQIDLGTNISDSMNSDRQP
CoBaHMA-type	Synechococcus_PCC_6716	MAAADTAPIAEVMHLTGDRLRLRIQELKRDPAFRDSLVAYLHTLEGIRAVHCNPLAASVTLEYQLEQITPLQLLAAIQLWGDVQIVGQGNKGLRNLTRAFALEP
CoBaHMA-type	Synechococcus_PCC_6717	MAAADTAPIAEVMHLTGDRLRLRIQELKREPAFRDSLVAYLHTLEGIRAVHCNPLAASLTLEYQLEQITPLQLLAAIQLWGDVQIVGQGNQGLQNLTRAFALEP
CoBaHMA-type	Thermosynechococcus_sp._NK55a	MATAETTPIAVVMHLTGDRLRLRIQELKTDVGFRDSLTAYLKTLRGIKSVHVNPLAASITIEYHLEQITPLQLLAAIQFWGDVQIIGQGNRGLQNLTRAFDLEP
Y-type	Fischerella_sp._NIES-4106	MSSEARIKAQSSDIEVKAEVIEVYSQSSSIQLARISTQKAPRLGFFATIANGIGQVISDAASQAGKTVTETTTGMAEVINGMAYQAGKAALETAANVGEVLDSVTPPGLAYLSATANNMGEVIGSAAFVTGKMVAGTTAGFGEAIGNATSQSGKAVAQTLSEVVENIPS
Y-type	Mastigocladus_laminosus_UU774	MSSEARIKAQSSDIEVKAEVIEVYSQSSSIQLARISTQKAPCLGFFATVAYGIGQAISDVAWQAGKAVTETTAGMAEVINGMAYQAGKAVLETAANVGDVLDSVTPPGLAYLSATANNMGEVIGSAAFLTGKMVAGTTAGFGEAIGNATSQAGQAVAQTVSEAIENIPS
Y-type	Chlorogloeopsis_fritschii_PCC_9212	MSSEGIIKAQSSDIAVKAEVIQVYSQSTSIQLARTSTQKASCLGFFATVANGIGQAISDAASQAGKAVTETTASMAEAINGMAYQAGKTVLETAANVGEVLDSVTPPGLAHLSATANNMGEAIGSVAFLTGKMVSGTTVGIGEAIGNATSQAGQSIAQTVSEAIENIPS
Y-type	Chlorogloeopsis_fritschii_PCC_6912	MSSEGIIKAQSSDIAVKAEVIQVYSQSTSIQLARTSTQKASCLGFFATVANGIGQAISDAASQAGKAVTETTASMAEAINGMAYQAGKTVLETAANVGEVLDSVTPPGLAHLSATANNMGEAIGSVAFLTGKMVSGTTVGIGEAIGNATSQAGQSIAQTVSEAIENIPS
Y-type	Fischerella_major_NIES-592	MSSETRIKAQSLDIEVKAKVIEVYSQSSSIQLARISTHKAPRLGFFATVANGIGQAISDAASQAGKVVIETTAGMAEAINGMAYQAGKTVLETSANVGEVLDSVTPPGLAYLSATANNMGEVIGSAAFLTGKMVAGTTAGFGEVIGNATSQAGQAVAQTVSEVIENIPS
Y-type	Fischerella_muscicola_PCC_7414	MSSEAIIKAQSSDIEVKAEVIEVYSQSSGIQLARVIPTHKAPCLGFFATVANGIGQLISDAASQAGKVVTETTAGMAEVINDMAYQAGKTVLETAANVGEVLDSVTPPGLAYLSATANNMGEVIGSAAFLTGKMVAGTTAGFGEAIGNATSQAGQAVAQTVSEVIENIPS
Y-type	Fischerella_sp._NIES-3754.faa	MSSETRIKAQSLDIEVKAEVIEVYSQSSSIQLARISTHKAPRLGFFATVANGIGQAISDAASQAGKVVIETTAGMAEAINGMAYQAGKTVLETSANVGEVLDSVTPPGLAYLSATANNMGEVIGSAAFLTGKMVAGTTAGFGEVIGNATSQAGQAVAQTVSEVIENIPS
